index,BELNR,BLART,CPUDT,CPUTM,org:resource,TCODE,AWKEY,ONLYACT,time:timestamp,CHANGENR,UDATE,UTIME,INVOLVED_DOCUMENTS,node,type,case:concept:name,concept:name
287885,5000004300,Goods receipt,853891200.0,36975.0,USER_90,MB01,00500053361997,* TRIAL * TRIAL * TRIAL *,1997-01-22 11:16:15,,,,,5000004300,Goods receipt,178,* TRIAL * TRIAL * TRIAL * (Goods receipt)
287886,5000004302,Goods receipt,853891200.0,37113.0,USER_90,MB01,* TRIAL * TRIA,* TRIAL * TRIAL * TRIAL *,1997-01-22 11:18:33,,,,,5000004302,Goods receipt,148,* TRIAL * TRIAL * TRIAL * (Goods receipt)
287891,5000004365,Goods receipt,855878400.0,38106.0,USER_90,MB01,00500053681997,* TRIAL * TRIAL * TRIAL *,1997-02-14 11:35:06,,,,,5000004365,Goods receipt,39,* TRIAL * TRIAL * TRIAL * (Goods receipt)
287892,5000004367,Goods receipt,855878400.0,38120.0,USER_90,MB01,00500053701997,* TRIAL * TRIAL * TRIAL *,1997-02-14 11:35:20,,,,,5000004367,Goods receipt,23,* TRIAL * TRIAL * TRIAL * (Goods receipt)
287897,5000004375,Goods receipt,857433600.0,34426.0,USER_90,MB01,* TRIAL * TRIA,* TRIAL * TRIAL * TRIAL *,1997-03-04 10:33:46,,,,,5000004375,Goods receipt,25,* TRIAL * TRIAL * TRIAL * (Goods receipt)
287898,5000004376,Goods receipt,857433600.0,34432.0,USER_90,MB01,00500054011997,* TRIAL * TRIAL * TRIAL *,1997-03-04 10:33:52,,,,,5000004376,Goods receipt,16,* TRIAL * TRIAL * TRIAL * (Goods receipt)
287902,5000004382,Goods receipt,861062400.0,29555.0,USER_90,MB01,00500054261997,* TRIAL * TRIAL * TRIAL *,1997-04-15 10:12:35,,,,,5000004382,Goods receipt,45,* TRIAL * TRIAL * TRIAL * (Goods receipt)
287903,5000004385,Goods receipt,861062400.0,29691.0,USER_90,MB01,* TRIAL * TRIA,* TRIAL * TRIAL * TRIAL *,1997-04-15 10:14:51,,,,,5000004385,Goods receipt,4,* TRIAL * TRIAL * TRIAL * (Goods receipt)
287905,5000004388,Goods receipt,861148800.0,39258.0,USER_146,MB01,00500054321997,* TRIAL * TRIAL * TRIAL *,1997-04-16 12:54:18,,,,,5000004388,Goods receipt,30,* TRIAL * TRIAL * TRIAL * (Goods receipt)
287906,5000004392,Goods receipt,861148800.0,39405.0,USER_146,MB01,* TRIAL * TRIA,* TRIAL * TRIAL * TRIAL *,1997-04-16 12:56:45,,,,,5000004392,Goods receipt,5,* TRIAL * TRIAL * TRIAL * (Goods receipt)
287907,5000004397,Goods receipt,861148800.0,39719.0,* TRIAL ,MB01,00500054411997,* TRIAL * TRIAL * TRIAL *,1997-04-16 13:01:59,,,,,5000004397,Goods receipt,125,* TRIAL * TRIAL * TRIAL * (Goods receipt)
287909,5000004400,Goods receipt,861148800.0,39754.0,* TRIAL ,MB01,* TRIAL * TRIA,* TRIAL * TRIAL * TRIAL *,1997-04-16 13:02:34,,,,,5000004400,Goods receipt,58,* TRIAL * TRIAL * TRIAL * (Goods receipt)
287910,5000004401,Goods receipt,861148800.0,39764.0,USER_146,MB01,00500054451997,* TRIAL * TRIAL * TRIAL *,1997-04-16 13:02:44,,,,,5000004401,Goods receipt,65,* TRIAL * TRIAL * TRIAL * (Goods receipt)
287911,5000004403,Goods receipt,861148800.0,39786.0,USER_146,MB01,00500054471997,* TRIAL * TRIAL * TRIAL *,1997-04-16 13:03:06,,,,,5000004403,Goods receipt,50,* TRIAL * TRIAL * TRIAL * (Goods receipt)
287912,5000004404,Goods receipt,861148800.0,39795.0,USER_146,MB01,* TRIAL * TRIA,* TRIAL * TRIAL * TRIAL *,1997-04-16 13:03:15,,,,,5000004404,Goods receipt,61,* TRIAL * TRIAL * TRIAL * (Goods receipt)
287914,5000004408,Goods receipt,861148800.0,39836.0,USER_146,MB01,00500054521997,* TRIAL * TRIAL * TRIAL *,1997-04-16 13:03:56,,,,,5000004408,Goods receipt,119,* TRIAL * TRIAL * TRIAL * (Goods receipt)
287916,5000004416,Goods receipt,861148800.0,39921.0,USER_146,MB01,00500054601997,* TRIAL * TRIAL * TRIAL *,1997-04-16 13:05:21,,,,,5000004416,Goods receipt,88,* TRIAL * TRIAL * TRIAL * (Goods receipt)
287917,5000004418,Goods receipt,861321600.0,31190.0,USER_90,MB01,00500054671997,* TRIAL * TRIAL * TRIAL *,1997-04-18 10:39:50,,,,,5000004418,Goods receipt,142,* TRIAL * TRIAL * TRIAL * (Goods receipt)
287920,5000004422,Goods receipt,862876800.0,32455.0,USER_90,MB01,* TRIAL * TRIA,* TRIAL * TRIAL * TRIAL *,1997-05-06 11:00:55,,,,,5000004422,Goods receipt,21,* TRIAL * TRIAL * TRIAL * (Goods receipt)
287921,5000004423,Goods receipt,862876800.0,32522.0,USER_90,MB01,* TRIAL * TRIA,* TRIAL * TRIAL * TRIAL *,1997-05-06 11:02:02,,,,,5000004423,Goods receipt,100,* TRIAL * TRIAL * TRIAL * (Goods receipt)
287922,5000004425,Goods receipt,862876800.0,32540.0,USER_90,MB01,00500054791997,* TRIAL * TRIAL * TRIAL *,1997-05-06 11:02:20,,,,,5000004425,Goods receipt,143,* TRIAL * TRIAL * TRIAL * (Goods receipt)
287930,5000004437,Goods receipt,863481600.0,3784.0,USER_90,MB01,00500054991997,* TRIAL * TRIAL * TRIAL *,1997-05-13 03:03:04,,,,,5000004437,Goods receipt,174,* TRIAL * TRIAL * TRIAL * (Goods receipt)
287932,5000004440,Goods receipt,863481600.0,34002.0,USER_90,MB01,00500055021997,* TRIAL * TRIAL * TRIAL *,1997-05-13 11:26:42,,,,,5000004440,Goods receipt,41,* TRIAL * TRIAL * TRIAL * (Goods receipt)
287935,5000004444,Goods receipt,863481600.0,34047.0,USER_90,MB01,* TRIAL * TRIA,* TRIAL * TRIAL * TRIAL *,1997-05-13 11:27:27,,,,,5000004444,Goods receipt,126,* TRIAL * TRIAL * TRIAL * (Goods receipt)
287937,5000004450,Goods receipt,864086400.0,3785.0,USER_90,MB01,00500055291997,* TRIAL * TRIAL * TRIAL *,1997-05-20 03:03:05,,,,,5000004450,Goods receipt,160,* TRIAL * TRIAL * TRIAL * (Goods receipt)
287941,5000004459,Goods receipt,865296000.0,3852.0,USER_90,MB01,00500055481997,* TRIAL * TRIAL * TRIAL *,1997-06-03 03:04:12,,,,,5000004459,Goods receipt,99,* TRIAL * TRIAL * TRIAL * (Goods receipt)
287942,5000004460,Goods receipt,865296000.0,3869.0,USER_90,MB01,00500055491997,* TRIAL * TRIAL * TRIAL *,1997-06-03 03:04:29,,,,,5000004460,Goods receipt,44,* TRIAL * TRIAL * TRIAL * (Goods receipt)
287943,5000004463,Goods receipt,865296000.0,3909.0,USER_90,MB01,00500055521997,* TRIAL * TRIAL * TRIAL *,1997-06-03 03:05:09,,,,,5000004463,Goods receipt,72,* TRIAL * TRIAL * TRIAL * (Goods receipt)
287944,5000004464,Goods receipt,865296000.0,3916.0,USER_90,MB01,00500055531997,* TRIAL * TRIAL * TRIAL *,1997-06-03 03:05:16,,,,,5000004464,Goods receipt,117,* TRIAL * TRIAL * TRIAL * (Goods receipt)
287945,5000004465,Goods receipt,865296000.0,3922.0,USER_90,MB01,00500055541997,* TRIAL * TRIAL * TRIAL *,1997-06-03 03:05:22,,,,,5000004465,Goods receipt,109,* TRIAL * TRIAL * TRIAL * (Goods receipt)
287946,5000004466,Goods receipt,865296000.0,3931.0,USER_90,MB01,00500055551997,* TRIAL * TRIAL * TRIAL *,1997-06-03 03:05:31,,,,,5000004466,Goods receipt,12,* TRIAL * TRIAL * TRIAL * (Goods receipt)
287948,5000004472,Goods receipt,865296000.0,36415.0,* TRIAL ,MB01,00500055611997,* TRIAL * TRIAL * TRIAL *,1997-06-03 12:06:55,,,,,5000004472,Goods receipt,60,* TRIAL * TRIAL * TRIAL * (Goods receipt)
287950,5000004482,Goods receipt,865555200.0,3663.0,USER_90,MB01,* TRIAL * TRIA,* TRIAL * TRIAL * TRIAL *,1997-06-06 03:01:03,,,,,5000004482,Goods receipt,183,* TRIAL * TRIAL * TRIAL * (Goods receipt)
287953,5000004488,Goods receipt,865987200.0,3809.0,USER_90,MB01,00500055781997,* TRIAL * TRIAL * TRIAL *,1997-06-11 03:03:29,,,,,5000004488,Goods receipt,114,* TRIAL * TRIAL * TRIAL * (Goods receipt)
287954,5000004491,Goods receipt,865987200.0,3842.0,USER_90,MB01,00500055811997,* TRIAL * TRIAL * TRIAL *,1997-06-11 03:04:02,,,,,5000004491,Goods receipt,176,* TRIAL * TRIAL * TRIAL * (Goods receipt)
287958,5000004519,Goods receipt,866678400.0,41582.0,USER_56,MB01,00500056251997,* TRIAL * TRIAL * TRIAL *,1997-06-19 13:33:02,,,,,5000004519,Goods receipt,3,* TRIAL * TRIAL * TRIAL * (Goods receipt)
287960,5000004521,Goods receipt,866678400.0,41607.0,USER_56,MB01,* TRIAL * TRIA,* TRIAL * TRIAL * TRIAL *,1997-06-19 13:33:27,,,,,5000004521,Goods receipt,161,* TRIAL * TRIAL * TRIAL * (Goods receipt)
287963,5000004524,Goods receipt,867801600.0,3865.0,USER_90,MB01,00500056381997,* TRIAL * TRIAL * TRIAL *,1997-07-02 03:04:25,,,,,5000004524,Goods receipt,115,* TRIAL * TRIAL * TRIAL * (Goods receipt)
287964,5000004526,Goods receipt,867801600.0,3881.0,USER_90,MB01,00500056401997,* TRIAL * TRIAL * TRIAL *,1997-07-02 03:04:41,,,,,5000004526,Goods receipt,184,* TRIAL * TRIAL * TRIAL * (Goods receipt)
287965,5000004527,Goods receipt,867801600.0,3902.0,USER_90,MB01,00500056411997,* TRIAL * TRIAL * TRIAL *,1997-07-02 03:05:02,,,,,5000004527,Goods receipt,85,* TRIAL * TRIAL * TRIAL * (Goods receipt)
287968,5000004532,Goods receipt,868233600.0,3771.0,USER_90,MB01,* TRIAL * TRIA,* TRIAL * TRIAL * TRIAL *,1997-07-07 03:02:51,,,,,5000004532,Goods receipt,197,* TRIAL * TRIAL * TRIAL * (Goods receipt)
287971,5000004536,Goods receipt,868233600.0,41148.0,USER_90,MB01,00500056501997,* TRIAL * TRIAL * TRIAL *,1997-07-07 13:25:48,,,,,5000004536,Goods receipt,135,* TRIAL * TRIAL * TRIAL * (Goods receipt)
287974,5000004539,Goods receipt,868233600.0,41210.0,USER_90,MB01,* TRIAL * TRIA,* TRIAL * TRIAL * TRIAL *,1997-07-07 13:26:50,,,,,5000004539,Goods receipt,29,* TRIAL * TRIAL * TRIAL * (Goods receipt)
287975,5000004544,Goods receipt,868233600.0,41259.0,USER_90,MB01,00500056581997,* TRIAL * TRIAL * TRIAL *,1997-07-07 13:27:39,,,,,5000004544,Goods receipt,63,* TRIAL * TRIAL * TRIAL * (Goods receipt)
287976,5000004546,Goods receipt,868233600.0,41275.0,USER_90,MB01,00500056601997,* TRIAL * TRIAL * TRIAL *,1997-07-07 13:27:55,,,,,5000004546,Goods receipt,43,* TRIAL * TRIAL * TRIAL * (Goods receipt)
287980,5000004554,Goods receipt,868492800.0,3747.0,USER_90,MB01,00500056701997,* TRIAL * TRIAL * TRIAL *,1997-07-10 03:02:27,,,,,5000004554,Goods receipt,52,* TRIAL * TRIAL * TRIAL * (Goods receipt)
287981,5000004556,Goods receipt,868492800.0,3763.0,USER_90,MB01,00500056721997,* TRIAL * TRIAL * TRIAL *,1997-07-10 03:02:43,,,,,5000004556,Goods receipt,156,* TRIAL * TRIAL * TRIAL * (Goods receipt)
287983,5000004573,Goods receipt,869702400.0,49634.0,USER_144,MB01,00500057061997,* TRIAL * TRIAL * TRIAL *,1997-07-24 15:47:14,,,,,5000004573,Goods receipt,200,* TRIAL * TRIAL * TRIAL * (Goods receipt)
287985,5000004579,Goods receipt,870652800.0,35812.0,USER_90,MB01,00500057181997,* TRIAL * TRIAL * TRIAL *,1997-08-04 11:56:52,,,,,5000004579,Goods receipt,201,* TRIAL * TRIAL * TRIAL * (Goods receipt)
287986,5000004581,Goods receipt,870652800.0,35827.0,USER_90,MB01,* TRIAL * TRIA,* TRIAL * TRIAL * TRIAL *,1997-08-04 11:57:07,,,,,5000004581,Goods receipt,213,* TRIAL * TRIAL * TRIAL * (Goods receipt)
287987,5000004584,Goods receipt,870652800.0,35846.0,USER_90,MB01,* TRIAL * TRIA,* TRIAL * TRIAL * TRIAL *,1997-08-04 11:57:26,,,,,5000004584,Goods receipt,121,* TRIAL * TRIAL * TRIAL * (Goods receipt)
287989,5000004586,Goods receipt,870652800.0,35858.0,USER_90,MB01,00500057251997,* TRIAL * TRIAL * TRIAL *,1997-08-04 11:57:38,,,,,5000004586,Goods receipt,93,* TRIAL * TRIAL * TRIAL * (Goods receipt)
287990,5000004588,Goods receipt,870652800.0,36949.0,USER_134,MB01,00500057271997,* TRIAL * TRIAL * TRIAL *,1997-08-04 12:15:49,,,,,5000004588,Goods receipt,101,* TRIAL * TRIAL * TRIAL * (Goods receipt)
287993,5000004598,Goods receipt,870825600.0,3919.0,USER_90,MB01,00500057371997,* TRIAL * TRIAL * TRIAL *,1997-08-06 03:05:19,,,,,5000004598,Goods receipt,54,* TRIAL * TRIAL * TRIAL * (Goods receipt)
287994,5000004601,Goods receipt,870825600.0,3937.0,USER_90,MB01,00500057401997,* TRIAL * TRIAL * TRIAL *,1997-08-06 03:05:37,,,,,5000004601,Goods receipt,73,* TRIAL * TRIAL * TRIAL * (Goods receipt)
287997,5000004622,Goods receipt,871862400.0,3725.0,USER_90,MB01,00500058061997,* TRIAL * TRIAL * TRIAL *,1997-08-18 03:02:05,,,,,5000004622,Goods receipt,81,* TRIAL * TRIAL * TRIAL * (Goods receipt)
288001,5000004627,Goods receipt,872208000.0,61390.0,USER_133,MB01,* TRIAL * TRIA,* TRIAL * TRIAL * TRIAL *,1997-08-22 19:03:10,,,,,5000004627,Goods receipt,104,* TRIAL * TRIAL * TRIAL * (Goods receipt)
288004,5000004632,Goods receipt,872467200.0,54732.0,* TRIAL ,MB01,00500058171997,* TRIAL * TRIAL * TRIAL *,1997-08-25 17:12:12,,,,,5000004632,Goods receipt,202,* TRIAL * TRIAL * TRIAL * (Goods receipt)
288005,5000004636,Goods receipt,872640000.0,52107.0,USER_90,MB01,* TRIAL * TRIA,* TRIAL * TRIAL * TRIAL *,1997-08-27 16:28:27,,,,,5000004636,Goods receipt,66,* TRIAL * TRIAL * TRIAL * (Goods receipt)
288007,5000004638,Goods receipt,872640000.0,52122.0,USER_90,MB01,* TRIAL * TRIA,* TRIAL * TRIAL * TRIAL *,1997-08-27 16:28:42,,,,,5000004638,Goods receipt,27,* TRIAL * TRIAL * TRIAL * (Goods receipt)
288009,5000004640,Goods receipt,872640000.0,52144.0,USER_90,MB01,00500058251997,* TRIAL * TRIAL * TRIAL *,1997-08-27 16:29:04,,,,,5000004640,Goods receipt,10,* TRIAL * TRIAL * TRIAL * (Goods receipt)
288011,5000004659,Goods receipt,872726400.0,66859.0,USER_135,MB01,00500058441997,* TRIAL * TRIAL * TRIAL *,1997-08-28 20:34:19,,,,,5000004659,Goods receipt,0,* TRIAL * TRIAL * TRIAL * (Goods receipt)
288012,5000004660,Goods receipt,873331200.0,38301.0,* TRIAL ,MB01,* TRIAL * TRIA,* TRIAL * TRIAL * TRIAL *,1997-09-04 12:38:21,,,,,5000004660,Goods receipt,80,* TRIAL * TRIAL * TRIAL * (Goods receipt)
288013,5000004661,Goods receipt,873331200.0,41120.0,* TRIAL ,MB01,00500058471997,* TRIAL * TRIAL * TRIAL *,1997-09-04 13:25:20,,,,,5000004661,Goods receipt,59,* TRIAL * TRIAL * TRIAL * (Goods receipt)
288015,5000004665,Goods receipt,873331200.0,68176.0,* TRIAL ,MB01,00500058511997,* TRIAL * TRIAL * TRIAL *,1997-09-04 20:56:16,,,,,5000004665,Goods receipt,187,* TRIAL * TRIAL * TRIAL * (Goods receipt)
288016,5000004666,Goods receipt,873331200.0,69444.0,* TRIAL ,MB01,00500058521997,* TRIAL * TRIAL * TRIAL *,1997-09-04 21:17:24,,,,,5000004666,Goods receipt,186,* TRIAL * TRIAL * TRIAL * (Goods receipt)
288017,5000004669,Goods receipt,873417600.0,3692.0,USER_90,MB01,00500058551997,* TRIAL * TRIAL * TRIAL *,1997-09-05 03:01:32,,,,,5000004669,Goods receipt,140,* TRIAL * TRIAL * TRIAL * (Goods receipt)
288019,5000004672,Goods receipt,873417600.0,3765.0,USER_90,MB01,00500058581997,* TRIAL * TRIAL * TRIAL *,1997-09-05 03:02:45,,,,,5000004672,Goods receipt,20,* TRIAL * TRIAL * TRIAL * (Goods receipt)
288024,5000004683,Goods receipt,873417600.0,53033.0,USER_90,MB01,00500058691997,* TRIAL * TRIAL * TRIAL *,1997-09-05 16:43:53,,,,,5000004683,Goods receipt,77,* TRIAL * TRIAL * TRIAL * (Goods receipt)
288027,5000004691,Goods receipt,873417600.0,53408.0,USER_90,MB01,00500058771997,* TRIAL * TRIAL * TRIAL *,1997-09-05 16:50:08,,,,,5000004691,Goods receipt,49,* TRIAL * TRIAL * TRIAL * (Goods receipt)
288031,5000004701,Goods receipt,874368000.0,3656.0,USER_90,MB01,00500059011997,* TRIAL * TRIAL * TRIAL *,1997-09-16 03:00:56,,,,,5000004701,Goods receipt,67,* TRIAL * TRIAL * TRIAL * (Goods receipt)
288033,5000004703,Goods receipt,874368000.0,3709.0,USER_90,MB01,* TRIAL * TRIA,* TRIAL * TRIAL * TRIAL *,1997-09-16 03:01:49,,,,,5000004703,Goods receipt,70,* TRIAL * TRIAL * TRIAL * (Goods receipt)
288034,5000004706,Goods receipt,874627200.0,47496.0,USER_90,MB01,00500059061997,* TRIAL * TRIAL * TRIAL *,1997-09-19 15:11:36,,,,,5000004706,Goods receipt,131,* TRIAL * TRIAL * TRIAL * (Goods receipt)
288037,5000004709,Goods receipt,874627200.0,47580.0,USER_90,MB01,00500059091997,* TRIAL * TRIAL * TRIAL *,1997-09-19 15:13:00,,,,,5000004709,Goods receipt,132,* TRIAL * TRIAL * TRIAL * (Goods receipt)
288041,5000004736,Goods receipt,876355200.0,3889.0,USER_90,MB01,00500059501997,* TRIAL * TRIAL * TRIAL *,1997-10-09 03:04:49,,,,,5000004736,Goods receipt,214,* TRIAL * TRIAL * TRIAL * (Goods receipt)
288042,5000004740,Goods receipt,876355200.0,3924.0,USER_90,MB01,00500059541997,* TRIAL * TRIAL * TRIAL *,1997-10-09 03:05:24,,,,,5000004740,Goods receipt,74,* TRIAL * TRIAL * TRIAL * (Goods receipt)
288044,5000004743,Goods receipt,876441600.0,3670.0,USER_90,MB01,00500059571997,* TRIAL * TRIAL * TRIAL *,1997-10-10 03:01:10,,,,,5000004743,Goods receipt,154,* TRIAL * TRIAL * TRIAL * (Goods receipt)
288045,5000004748,Goods receipt,876787200.0,3827.0,USER_90,MB01,* TRIAL * TRIA,* TRIAL * TRIAL * TRIAL *,1997-10-14 03:03:47,,,,,5000004748,Goods receipt,144,* TRIAL * TRIAL * TRIAL * (Goods receipt)
288048,5000004758,Goods receipt,876873600.0,60518.0,USER_133,MB01,* TRIAL * TRIA,* TRIAL * TRIAL * TRIAL *,1997-10-15 18:48:38,,,,,5000004758,Goods receipt,173,* TRIAL * TRIAL * TRIAL * (Goods receipt)
288050,5000004776,Goods receipt,877392000.0,65420.0,USER_90,MB01,00500059991997,* TRIAL * TRIAL * TRIAL *,1997-10-21 20:10:20,,,,,5000004776,Goods receipt,19,* TRIAL * TRIAL * TRIAL * (Goods receipt)
288051,5000004777,Goods receipt,877392000.0,65428.0,USER_90,MB01,00500060001997,* TRIAL * TRIAL * TRIAL *,1997-10-21 20:10:28,,,,,5000004777,Goods receipt,37,* TRIAL * TRIAL * TRIAL * (Goods receipt)
288056,5000004784,Goods receipt,878601600.0,3913.0,USER_90,MB01,* TRIAL * TRIA,* TRIAL * TRIAL * TRIAL *,1997-11-04 02:05:13,,,,,5000004784,Goods receipt,157,* TRIAL * TRIAL * TRIAL * (Goods receipt)
288057,5000004785,Goods receipt,878601600.0,3926.0,USER_90,MB01,* TRIAL * TRIA,* TRIAL * TRIAL * TRIAL *,1997-11-04 02:05:26,,,,,5000004785,Goods receipt,211,* TRIAL * TRIAL * TRIAL * (Goods receipt)
288059,5000004789,Goods receipt,878601600.0,3952.0,USER_90,MB01,* TRIAL * TRIA,* TRIAL * TRIAL * TRIAL *,1997-11-04 02:05:52,,,,,5000004789,Goods receipt,83,* TRIAL * TRIAL * TRIAL * (Goods receipt)
288062,5000004794,Goods receipt,878688000.0,3716.0,USER_90,MB01,00500060271997,* TRIAL * TRIAL * TRIAL *,1997-11-05 02:01:56,,,,,5000004794,Goods receipt,1,* TRIAL * TRIAL * TRIAL * (Goods receipt)
288065,5000004811,Goods receipt,879206400.0,38525.0,* TRIAL ,MB01,00500060551997,* TRIAL * TRIAL * TRIAL *,1997-11-11 11:42:05,,,,,5000004811,Goods receipt,47,* TRIAL * TRIAL * TRIAL * (Goods receipt)
288066,5000004812,Goods receipt,879206400.0,38538.0,USER_134,MB01,* TRIAL * TRIA,* TRIAL * TRIAL * TRIAL *,1997-11-11 11:42:18,,,,,5000004812,Goods receipt,32,* TRIAL * TRIAL * TRIAL * (Goods receipt)
288068,5000004817,Goods receipt,879292800.0,3826.0,USER_90,MB01,00500060761997,* TRIAL * TRIAL * TRIAL *,1997-11-12 02:03:46,,,,,5000004817,Goods receipt,204,* TRIAL * TRIAL * TRIAL * (Goods receipt)
288071,5000004821,Goods receipt,879811200.0,3694.0,USER_90,MB01,00500060921997,* TRIAL * TRIAL * TRIAL *,1997-11-18 02:01:34,,,,,5000004821,Goods receipt,91,* TRIAL * TRIAL * TRIAL * (Goods receipt)
288072,5000004822,Goods receipt,879811200.0,3701.0,USER_90,MB01,00500060931997,* TRIAL * TRIAL * TRIAL *,1997-11-18 02:01:41,,,,,5000004822,Goods receipt,116,* TRIAL * TRIAL * TRIAL * (Goods receipt)
288074,5000004824,Goods receipt,879811200.0,3717.0,USER_90,MB01,00500060951997,* TRIAL * TRIAL * TRIAL *,1997-11-18 02:01:57,,,,,5000004824,Goods receipt,94,* TRIAL * TRIAL * TRIAL * (Goods receipt)
288075,5000004825,Goods receipt,879811200.0,3726.0,USER_90,MB01,* TRIAL * TRIA,* TRIAL * TRIAL * TRIAL *,1997-11-18 02:02:06,,,,,5000004825,Goods receipt,195,* TRIAL * TRIAL * TRIAL * (Goods receipt)
288078,5000004832,Goods receipt,881020800.0,3863.0,USER_90,MB01,00500061161997,* TRIAL * TRIAL * TRIAL *,1997-12-02 02:04:23,,,,,5000004832,Goods receipt,11,* TRIAL * TRIAL * TRIAL * (Goods receipt)
288079,5000004833,Goods receipt,881020800.0,3929.0,USER_90,MB01,00500061171997,* TRIAL * TRIAL * TRIAL *,1997-12-02 02:05:29,,,,,5000004833,Goods receipt,203,* TRIAL * TRIAL * TRIAL * (Goods receipt)
288080,5000004834,Goods receipt,881020800.0,3944.0,USER_90,MB01,* TRIAL * TRIA,* TRIAL * TRIAL * TRIAL *,1997-12-02 02:05:44,,,,,5000004834,Goods receipt,17,* TRIAL * TRIAL * TRIAL * (Goods receipt)
288081,5000004835,Goods receipt,881020800.0,3950.0,USER_90,MB01,00500061191997,* TRIAL * TRIAL * TRIAL *,1997-12-02 02:05:50,,,,,5000004835,Goods receipt,133,* TRIAL * TRIAL * TRIAL * (Goods receipt)
288083,5000004839,Goods receipt,881020800.0,3983.0,USER_90,MB01,* TRIAL * TRIA,* TRIAL * TRIAL * TRIAL *,1997-12-02 02:06:23,,,,,5000004839,Goods receipt,35,* TRIAL * TRIAL * TRIAL * (Goods receipt)
288085,5000004842,Goods receipt,881107200.0,3692.0,USER_90,MB01,00500061261997,* TRIAL * TRIAL * TRIAL *,1997-12-03 02:01:32,,,,,5000004842,Goods receipt,196,* TRIAL * TRIAL * TRIAL * (Goods receipt)
288086,5000004843,Goods receipt,881107200.0,3781.0,USER_90,MB01,00500061271997,* TRIAL * TRIAL * TRIAL *,1997-12-03 02:03:01,,,,,5000004843,Goods receipt,164,* TRIAL * TRIAL * TRIAL * (Goods receipt)
288087,5000004844,Goods receipt,881107200.0,3795.0,USER_90,MB01,* TRIAL * TRIA,* TRIAL * TRIAL * TRIAL *,1997-12-03 02:03:15,,,,,5000004844,Goods receipt,64,* TRIAL * TRIAL * TRIAL * (Goods receipt)
288089,5000004847,Goods receipt,881280000.0,3784.0,USER_90,MB01,00500061381997,* TRIAL * TRIAL * TRIAL *,1997-12-05 02:03:04,,,,,5000004847,Goods receipt,138,* TRIAL * TRIAL * TRIAL * (Goods receipt)
288091,5000004859,Goods receipt,881712000.0,3696.0,USER_90,MB01,00500061601997,* TRIAL * TRIAL * TRIAL *,1997-12-10 02:01:36,,,,,5000004859,Goods receipt,111,* TRIAL * TRIAL * TRIAL * (Goods receipt)
288093,5000004863,Goods receipt,881712000.0,3825.0,USER_90,MB01,00500061641997,* TRIAL * TRIAL * TRIAL *,1997-12-10 02:03:45,,,,,5000004863,Goods receipt,136,* TRIAL * TRIAL * TRIAL * (Goods receipt)
288095,5000004871,Goods receipt,882230400.0,3756.0,USER_90,MB01,00500061801997,* TRIAL * TRIAL * TRIAL *,1997-12-16 02:02:36,,,,,5000004871,Goods receipt,124,* TRIAL * TRIAL * TRIAL * (Goods receipt)
288096,5000004872,Goods receipt,882230400.0,3763.0,USER_90,MB01,00500061811997,* TRIAL * TRIAL * TRIAL *,1997-12-16 02:02:43,,,,,5000004872,Goods receipt,31,* TRIAL * TRIAL * TRIAL * (Goods receipt)
231449,0100008431,Accounting document,905990400.0,42237.0,* TRIAL ,FB1S,010000843110001997,Clear G/L Account,1998-09-17 13:43:57,,,,,0100008431,Accounting document,178,Clear G/L Account (Accounting document)
231560,0100008436,Accounting document,905990400.0,42238.0,USER_127,FB1S,* TRIAL * TRIAL * ,Clear G/L Account,1998-09-17 13:43:58,,,,,0100008436,Accounting document,148,Clear G/L Account (Accounting document)
231719,0100008438,Accounting document,905990400.0,42239.0,* TRIAL ,FB1S,* TRIAL * TRIAL * ,Clear G/L Account,1998-09-17 13:43:59,,,,,0100008438,Accounting document,148,Clear G/L Account (Accounting document)
232334,0100008463,Accounting document,905990400.0,42248.0,USER_127,FB1S,* TRIAL * TRIAL * ,Clear G/L Account,1998-09-17 13:44:08,,,,,0100008463,Accounting document,39,Clear G/L Account (Accounting document)
232445,0100008469,Accounting document,905990400.0,42250.0,USER_127,FB1S,* TRIAL * TRIAL * ,Clear G/L Account,1998-09-17 13:44:10,,,,,0100008469,Accounting document,23,Clear G/L Account (Accounting document)
233552,0100008509,Accounting document,905990400.0,42265.0,USER_127,FB1S,* TRIAL * TRIAL * ,Clear G/L Account,1998-09-17 13:44:25,,,,,0100008509,Accounting document,25,Clear G/L Account (Accounting document)
233553,0100008510,Accounting document,905990400.0,42265.0,* TRIAL ,FB1S,010000851010001997,Clear G/L Account,1998-09-17 13:44:25,,,,,0100008510,Accounting document,25,Clear G/L Account (Accounting document)
233554,0100008511,Accounting document,905990400.0,42265.0,USER_127,FB1S,010000851110001997,Clear G/L Account,1998-09-17 13:44:25,,,,,0100008511,Accounting document,16,Clear G/L Account (Accounting document)
234472,0100008534,Accounting document,905990400.0,42273.0,USER_127,FB1S,010000853410001997,Clear G/L Account,1998-09-17 13:44:33,,,,,0100008534,Accounting document,45,Clear G/L Account (Accounting document)
234877,0100008543,Accounting document,905990400.0,42276.0,USER_127,FB1S,010000854310001997,Clear G/L Account,1998-09-17 13:44:36,,,,,0100008543,Accounting document,4,Clear G/L Account (Accounting document)
234965,0100008545,Accounting document,905990400.0,42277.0,USER_127,FB1S,010000854510001997,Clear G/L Account,1998-09-17 13:44:37,,,,,0100008545,Accounting document,4,Clear G/L Account (Accounting document)
235100,0100008552,Accounting document,905990400.0,42279.0,USER_127,FB1S,* TRIAL * TRIAL * ,Clear G/L Account,1998-09-17 13:44:39,,,,,0100008552,Accounting document,30,Clear G/L Account (Accounting document)
235211,0100008556,Accounting document,905990400.0,42281.0,USER_127,FB1S,010000855610001997,Clear G/L Account,1998-09-17 13:44:41,,,,,0100008556,Accounting document,5,Clear G/L Account (Accounting document)
235432,0100008561,Accounting document,905990400.0,42282.0,* TRIAL ,FB1S,010000856110001997,Clear G/L Account,1998-09-17 13:44:42,,,,,0100008561,Accounting document,125,Clear G/L Account (Accounting document)
235544,0100008565,Accounting document,905990400.0,42284.0,* TRIAL ,FB1S,010000856510001997,Clear G/L Account,1998-09-17 13:44:44,,,,,0100008565,Accounting document,65,Clear G/L Account (Accounting document)
235543,0100008564,Accounting document,905990400.0,42284.0,USER_127,FB1S,010000856410001997,Clear G/L Account,1998-09-17 13:44:44,,,,,0100008564,Accounting document,58,Clear G/L Account (Accounting document)
235546,0100008568,Accounting document,905990400.0,42285.0,USER_127,FB1S,010000856810001997,Clear G/L Account,1998-09-17 13:44:45,,,,,0100008568,Accounting document,61,Clear G/L Account (Accounting document)
235545,0100008567,Accounting document,905990400.0,42285.0,USER_127,FB1S,* TRIAL * TRIAL * ,Clear G/L Account,1998-09-17 13:44:45,,,,,0100008567,Accounting document,50,Clear G/L Account (Accounting document)
235547,0100008570,Accounting document,905990400.0,42286.0,USER_127,FB1S,* TRIAL * TRIAL * ,Clear G/L Account,1998-09-17 13:44:46,,,,,0100008570,Accounting document,119,Clear G/L Account (Accounting document)
235740,0100008578,Accounting document,905990400.0,42288.0,USER_127,FB1S,010000857810001997,Clear G/L Account,1998-09-17 13:44:48,,,,,0100008578,Accounting document,88,Clear G/L Account (Accounting document)
235769,0100008584,Accounting document,905990400.0,42290.0,USER_127,FB1S,010000858410001997,Clear G/L Account,1998-09-17 13:44:50,,,,,0100008584,Accounting document,142,Clear G/L Account (Accounting document)
235880,0100008586,Accounting document,905990400.0,42291.0,USER_127,FB1S,010000858610001997,Clear G/L Account,1998-09-17 13:44:51,,,,,0100008586,Accounting document,142,Clear G/L Account (Accounting document)
236432,0100008597,Accounting document,905990400.0,42295.0,USER_127,FB1S,010000859710001997,Clear G/L Account,1998-09-17 13:44:55,,,,,0100008597,Accounting document,21,Clear G/L Account (Accounting document)
236544,0100008600,Accounting document,905990400.0,42296.0,USER_127,FB1S,010000860010001997,Clear G/L Account,1998-09-17 13:44:56,,,,,0100008600,Accounting document,100,Clear G/L Account (Accounting document)
236543,0100008599,Accounting document,905990400.0,42296.0,USER_127,FB1S,010000859910001997,Clear G/L Account,1998-09-17 13:44:56,,,,,0100008599,Accounting document,100,Clear G/L Account (Accounting document)
236766,0100008607,Accounting document,905990400.0,42298.0,USER_127,FB1S,010000860710001997,Clear G/L Account,1998-09-17 13:44:58,,,,,0100008607,Accounting document,143,Clear G/L Account (Accounting document)
236701,0100008606,Accounting document,905990400.0,42298.0,USER_127,FB1S,* TRIAL * TRIAL * ,Clear G/L Account,1998-09-17 13:44:58,,,,,0100008606,Accounting document,143,Clear G/L Account (Accounting document)
237781,0100008647,Accounting document,905990400.0,42312.0,* TRIAL ,FB1S,010000864710001997,Clear G/L Account,1998-09-17 13:45:12,,,,,0100008647,Accounting document,174,Clear G/L Account (Accounting document)
238046,0100008649,Accounting document,905990400.0,42313.0,* TRIAL ,FB1S,* TRIAL * TRIAL * ,Clear G/L Account,1998-09-17 13:45:13,,,,,0100008649,Accounting document,174,Clear G/L Account (Accounting document)
237906,0100008648,Accounting document,905990400.0,42313.0,* TRIAL ,FB1S,010000864810001997,Clear G/L Account,1998-09-17 13:45:13,,,,,0100008648,Accounting document,174,Clear G/L Account (Accounting document)
238098,0100008655,Accounting document,905990400.0,42315.0,USER_127,FB1S,010000865510001997,Clear G/L Account,1998-09-17 13:45:15,,,,,0100008655,Accounting document,41,Clear G/L Account (Accounting document)
238209,0100008663,Accounting document,905990400.0,42318.0,USER_127,FB1S,010000866310001997,Clear G/L Account,1998-09-17 13:45:18,,,,,0100008663,Accounting document,126,Clear G/L Account (Accounting document)
238540,0100008668,Accounting document,905990400.0,42320.0,USER_127,FB1S,010000866810001997,Clear G/L Account,1998-09-17 13:45:20,,,,,0100008668,Accounting document,160,Clear G/L Account (Accounting document)
238653,0100008682,Accounting document,905990400.0,42324.0,USER_127,FB1S,* TRIAL * TRIAL * ,Clear G/L Account,1998-09-17 13:45:24,,,,,0100008682,Accounting document,44,Clear G/L Account (Accounting document)
238652,0100008680,Accounting document,905990400.0,42324.0,* TRIAL ,FB1S,010000868010001997,Clear G/L Account,1998-09-17 13:45:24,,,,,0100008680,Accounting document,99,Clear G/L Account (Accounting document)
238877,0100008688,Accounting document,905990400.0,42326.0,USER_127,FB1S,* TRIAL * TRIAL * ,Clear G/L Account,1998-09-17 13:45:26,,,,,0100008688,Accounting document,72,Clear G/L Account (Accounting document)
238985,0100008689,Accounting document,905990400.0,42327.0,USER_127,FB1S,* TRIAL * TRIAL * ,Clear G/L Account,1998-09-17 13:45:27,,,,,0100008689,Accounting document,117,Clear G/L Account (Accounting document)
238997,0100008692,Accounting document,905990400.0,42328.0,* TRIAL ,FB1S,010000869210001997,Clear G/L Account,1998-09-17 13:45:28,,,,,0100008692,Accounting document,109,Clear G/L Account (Accounting document)
239207,0100008694,Accounting document,905990400.0,42329.0,* TRIAL ,FB1S,010000869410001997,Clear G/L Account,1998-09-17 13:45:29,,,,,0100008694,Accounting document,12,Clear G/L Account (Accounting document)
239318,0100008700,Accounting document,905990400.0,42330.0,USER_127,FB1S,010000870010001997,Clear G/L Account,1998-09-17 13:45:30,,,,,0100008700,Accounting document,60,Clear G/L Account (Accounting document)
239539,0100008711,Accounting document,905990400.0,42334.0,USER_127,FB1S,010000871110001997,Clear G/L Account,1998-09-17 13:45:34,,,,,0100008711,Accounting document,183,Clear G/L Account (Accounting document)
239650,0100008713,Accounting document,905990400.0,42335.0,USER_127,FB1S,* TRIAL * TRIAL * ,Clear G/L Account,1998-09-17 13:45:35,,,,,0100008713,Accounting document,183,Clear G/L Account (Accounting document)
240531,0100008734,Accounting document,905990400.0,42342.0,* TRIAL ,FB1S,010000873410001997,Clear G/L Account,1998-09-17 13:45:42,,,,,0100008734,Accounting document,114,Clear G/L Account (Accounting document)
240532,0100008736,Accounting document,905990400.0,42343.0,USER_127,FB1S,010000873610001997,Clear G/L Account,1998-09-17 13:45:43,,,,,0100008736,Accounting document,114,Clear G/L Account (Accounting document)
240753,0100008742,Accounting document,905990400.0,42345.0,USER_127,FB1S,010000874210001997,Clear G/L Account,1998-09-17 13:45:45,,,,,0100008742,Accounting document,176,Clear G/L Account (Accounting document)
241084,0100008753,Accounting document,905990400.0,42349.0,USER_127,FB1S,* TRIAL * TRIAL * ,Clear G/L Account,1998-09-17 13:45:49,,,,,0100008753,Accounting document,3,Clear G/L Account (Accounting document)
241130,0100008755,Accounting document,905990400.0,42349.0,USER_127,FB1S,* TRIAL * TRIAL * ,Clear G/L Account,1998-09-17 13:45:49,,,,,0100008755,Accounting document,161,Clear G/L Account (Accounting document)
241419,0100008765,Accounting document,905990400.0,42353.0,USER_127,FB1S,010000876510001997,Clear G/L Account,1998-09-17 13:45:53,,,,,0100008765,Accounting document,115,Clear G/L Account (Accounting document)
241418,0100008764,Accounting document,905990400.0,42353.0,USER_127,FB1S,010000876410001997,Clear G/L Account,1998-09-17 13:45:53,,,,,0100008764,Accounting document,115,Clear G/L Account (Accounting document)
241615,0100008769,Accounting document,905990400.0,42354.0,USER_127,FB1S,* TRIAL * TRIAL * ,Clear G/L Account,1998-09-17 13:45:54,,,,,0100008769,Accounting document,184,Clear G/L Account (Accounting document)
241530,0100008767,Accounting document,905990400.0,42354.0,USER_127,FB1S,* TRIAL * TRIAL * ,Clear G/L Account,1998-09-17 13:45:54,,,,,0100008767,Accounting document,184,Clear G/L Account (Accounting document)
241531,0100008768,Accounting document,905990400.0,42354.0,USER_127,FB1S,010000876810001997,Clear G/L Account,1998-09-17 13:45:54,,,,,0100008768,Accounting document,184,Clear G/L Account (Accounting document)
241643,0100008771,Accounting document,905990400.0,42355.0,* TRIAL ,FB1S,010000877110001997,Clear G/L Account,1998-09-17 13:45:55,,,,,0100008771,Accounting document,85,Clear G/L Account (Accounting document)
241866,0100008781,Accounting document,905990400.0,42359.0,* TRIAL ,FB1S,010000878110001997,Clear G/L Account,1998-09-17 13:45:59,,,,,0100008781,Accounting document,197,Clear G/L Account (Accounting document)
242308,0100008795,Accounting document,905990400.0,42363.0,USER_127,FB1S,* TRIAL * TRIAL * ,Clear G/L Account,1998-09-17 13:46:03,,,,,0100008795,Accounting document,135,Clear G/L Account (Accounting document)
242609,0100008806,Accounting document,905990400.0,42367.0,* TRIAL ,FB1S,* TRIAL * TRIAL * ,Clear G/L Account,1998-09-17 13:46:07,,,,,0100008806,Accounting document,29,Clear G/L Account (Accounting document)
242641,0100008807,Accounting document,905990400.0,42367.0,* TRIAL ,FB1S,010000880710001997,Clear G/L Account,1998-09-17 13:46:07,,,,,0100008807,Accounting document,29,Clear G/L Account (Accounting document)
242642,0100008809,Accounting document,905990400.0,42368.0,* TRIAL ,FB1S,010000880910001997,Clear G/L Account,1998-09-17 13:46:08,,,,,0100008809,Accounting document,29,Clear G/L Account (Accounting document)
242863,0100008826,Accounting document,905990400.0,42374.0,USER_127,FB1S,010000882610001997,Clear G/L Account,1998-09-17 13:46:14,,,,,0100008826,Accounting document,63,Clear G/L Account (Accounting document)
242974,0100008828,Accounting document,905990400.0,42375.0,USER_127,FB1S,010000882810001997,Clear G/L Account,1998-09-17 13:46:15,,,,,0100008828,Accounting document,43,Clear G/L Account (Accounting document)
243966,0100008852,Accounting document,905990400.0,42384.0,USER_127,FB1S,* TRIAL * TRIAL * ,Clear G/L Account,1998-09-17 13:46:24,,,,,0100008852,Accounting document,52,Clear G/L Account (Accounting document)
244077,0100008857,Accounting document,905990400.0,42385.0,USER_127,FB1S,010000885710001997,Clear G/L Account,1998-09-17 13:46:25,,,,,0100008857,Accounting document,156,Clear G/L Account (Accounting document)
244519,0100008863,Accounting document,905990400.0,42387.0,USER_127,FB1S,* TRIAL * TRIAL * ,Clear G/L Account,1998-09-17 13:46:27,,,,,0100008863,Accounting document,200,Clear G/L Account (Accounting document)
244851,0100008872,Accounting document,905990400.0,42390.0,USER_127,FB1S,010000887210001997,Clear G/L Account,1998-09-17 13:46:30,,,,,0100008872,Accounting document,201,Clear G/L Account (Accounting document)
244853,0100008875,Accounting document,905990400.0,42391.0,USER_127,FB1S,010000887510001997,Clear G/L Account,1998-09-17 13:46:31,,,,,0100008875,Accounting document,213,Clear G/L Account (Accounting document)
244852,0100008873,Accounting document,905990400.0,42391.0,USER_127,FB1S,* TRIAL * TRIAL * ,Clear G/L Account,1998-09-17 13:46:31,,,,,0100008873,Accounting document,201,Clear G/L Account (Accounting document)
244855,0100008877,Accounting document,905990400.0,42392.0,* TRIAL ,FB1S,010000887710001997,Clear G/L Account,1998-09-17 13:46:32,,,,,0100008877,Accounting document,213,Clear G/L Account (Accounting document)
244854,0100008876,Accounting document,905990400.0,42392.0,USER_127,FB1S,* TRIAL * TRIAL * ,Clear G/L Account,1998-09-17 13:46:32,,,,,0100008876,Accounting document,213,Clear G/L Account (Accounting document)
244856,0100008881,Accounting document,905990400.0,42394.0,USER_127,FB1S,010000888110001997,Clear G/L Account,1998-09-17 13:46:34,,,,,0100008881,Accounting document,121,Clear G/L Account (Accounting document)
244968,0100008886,Accounting document,905990400.0,42395.0,USER_127,FB1S,* TRIAL * TRIAL * ,Clear G/L Account,1998-09-17 13:46:35,,,,,0100008886,Accounting document,93,Clear G/L Account (Accounting document)
245079,0100008888,Accounting document,905990400.0,42396.0,USER_127,FB1S,* TRIAL * TRIAL * ,Clear G/L Account,1998-09-17 13:46:36,,,,,0100008888,Accounting document,101,Clear G/L Account (Accounting document)
246620,0100008921,Accounting document,905990400.0,42408.0,USER_127,FB1S,010000892110001997,Clear G/L Account,1998-09-17 13:46:48,,,,,0100008921,Accounting document,54,Clear G/L Account (Accounting document)
246841,0100008926,Accounting document,905990400.0,42410.0,* TRIAL ,FB1S,010000892610001997,Clear G/L Account,1998-09-17 13:46:50,,,,,0100008926,Accounting document,73,Clear G/L Account (Accounting document)
247615,0100008947,Accounting document,905990400.0,42417.0,* TRIAL ,FB1S,010000894710001997,Clear G/L Account,1998-09-17 13:46:57,,,,,0100008947,Accounting document,81,Clear G/L Account (Accounting document)
247720,0100008948,Accounting document,905990400.0,42418.0,* TRIAL ,FB1S,010000894810001997,Clear G/L Account,1998-09-17 13:46:58,,,,,0100008948,Accounting document,81,Clear G/L Account (Accounting document)
248060,0100008965,Accounting document,905990400.0,42423.0,USER_127,FB1S,010000896510001997,Clear G/L Account,1998-09-17 13:47:03,,,,,0100008965,Accounting document,104,Clear G/L Account (Accounting document)
248059,0100008964,Accounting document,905990400.0,42423.0,USER_127,FB1S,010000896410001997,Clear G/L Account,1998-09-17 13:47:03,,,,,0100008964,Accounting document,104,Clear G/L Account (Accounting document)
248058,0100008963,Accounting document,905990400.0,42423.0,USER_127,FB1S,010000896310001997,Clear G/L Account,1998-09-17 13:47:03,,,,,0100008963,Accounting document,104,Clear G/L Account (Accounting document)
248282,0100008970,Accounting document,905990400.0,42425.0,* TRIAL ,FB1S,010000897010001997,Clear G/L Account,1998-09-17 13:47:05,,,,,0100008970,Accounting document,104,Clear G/L Account (Accounting document)
248281,0100008969,Accounting document,905990400.0,42425.0,* TRIAL ,FB1S,010000896910001997,Clear G/L Account,1998-09-17 13:47:05,,,,,0100008969,Accounting document,104,Clear G/L Account (Accounting document)
248283,0100008971,Accounting document,905990400.0,42426.0,USER_127,FB1S,* TRIAL * TRIAL * ,Clear G/L Account,1998-09-17 13:47:06,,,,,0100008971,Accounting document,104,Clear G/L Account (Accounting document)
248835,0100008978,Accounting document,905990400.0,42428.0,USER_127,FB1S,010000897810001997,Clear G/L Account,1998-09-17 13:47:08,,,,,0100008978,Accounting document,202,Clear G/L Account (Accounting document)
248615,0100008976,Accounting document,905990400.0,42428.0,USER_127,FB1S,* TRIAL * TRIAL * ,Clear G/L Account,1998-09-17 13:47:08,,,,,0100008976,Accounting document,202,Clear G/L Account (Accounting document)
248842,0100008979,Accounting document,905990400.0,42429.0,* TRIAL ,FB1S,010000897910001997,Clear G/L Account,1998-09-17 13:47:09,,,,,0100008979,Accounting document,202,Clear G/L Account (Accounting document)
248988,0100008981,Accounting document,905990400.0,42430.0,USER_127,FB1S,010000898110001997,Clear G/L Account,1998-09-17 13:47:10,,,,,0100008981,Accounting document,202,Clear G/L Account (Accounting document)
249104,0100008983,Accounting document,905990400.0,42431.0,USER_127,FB1S,010000898310001997,Clear G/L Account,1998-09-17 13:47:11,,,,,0100008983,Accounting document,202,Clear G/L Account (Accounting document)
249280,0100008989,Accounting document,905990400.0,42433.0,USER_127,FB1S,* TRIAL * TRIAL * ,Clear G/L Account,1998-09-17 13:47:13,,,,,0100008989,Accounting document,66,Clear G/L Account (Accounting document)
249391,0100008991,Accounting document,905990400.0,42433.0,USER_127,FB1S,010000899110001997,Clear G/L Account,1998-09-17 13:47:13,,,,,0100008991,Accounting document,66,Clear G/L Account (Accounting document)
249392,0100008994,Accounting document,905990400.0,42434.0,* TRIAL ,FB1S,010000899410001997,Clear G/L Account,1998-09-17 13:47:14,,,,,0100008994,Accounting document,27,Clear G/L Account (Accounting document)
249504,0100008999,Accounting document,905990400.0,42436.0,USER_127,FB1S,010000899910001997,Clear G/L Account,1998-09-17 13:47:16,,,,,0100008999,Accounting document,10,Clear G/L Account (Accounting document)
249835,0100009007,Accounting document,905990400.0,42439.0,USER_127,FB1S,010000900710001997,Clear G/L Account,1998-09-17 13:47:19,,,,,0100009007,Accounting document,0,Clear G/L Account (Accounting document)
250167,0100009018,Accounting document,905990400.0,42443.0,USER_127,FB1S,010000901810001997,Clear G/L Account,1998-09-17 13:47:23,,,,,0100009018,Accounting document,77,Clear G/L Account (Accounting document)
250626,0100009032,Accounting document,905990400.0,42448.0,* TRIAL ,FB1S,010000903210001997,Clear G/L Account,1998-09-17 13:47:28,,,,,0100009032,Accounting document,140,Clear G/L Account (Accounting document)
251273,0100009045,Accounting document,905990400.0,42452.0,USER_127,FB1S,* TRIAL * TRIAL * ,Clear G/L Account,1998-09-17 13:47:32,,,,,0100009045,Accounting document,20,Clear G/L Account (Accounting document)
251272,0100009044,Accounting document,905990400.0,42452.0,USER_127,FB1S,* TRIAL * TRIAL * ,Clear G/L Account,1998-09-17 13:47:32,,,,,0100009044,Accounting document,20,Clear G/L Account (Accounting document)
251260,0100009043,Accounting document,905990400.0,42452.0,* TRIAL ,FB1S,* TRIAL * TRIAL * ,Clear G/L Account,1998-09-17 13:47:32,,,,,0100009043,Accounting document,20,Clear G/L Account (Accounting document)
252325,0100009068,Accounting document,905990400.0,42461.0,USER_127,FB1S,010000906810001997,Clear G/L Account,1998-09-17 13:47:41,,,,,0100009068,Accounting document,59,Clear G/L Account (Accounting document)
252264,0100009067,Accounting document,905990400.0,42461.0,USER_127,FB1S,010000906710001997,Clear G/L Account,1998-09-17 13:47:41,,,,,0100009067,Accounting document,80,Clear G/L Account (Accounting document)
252534,0100009073,Accounting document,905990400.0,42462.0,* TRIAL ,FB1S,010000907310001997,Clear G/L Account,1998-09-17 13:47:42,,,,,0100009073,Accounting document,186,Clear G/L Account (Accounting document)
252486,0100009072,Accounting document,905990400.0,42462.0,USER_127,FB1S,* TRIAL * TRIAL * ,Clear G/L Account,1998-09-17 13:47:42,,,,,0100009072,Accounting document,187,Clear G/L Account (Accounting document)
252598,0100009078,Accounting document,905990400.0,42464.0,USER_127,FB1S,010000907810001997,Clear G/L Account,1998-09-17 13:47:44,,,,,0100009078,Accounting document,49,Clear G/L Account (Accounting document)
253265,0100009103,Accounting document,905990400.0,42473.0,USER_127,FB1S,010000910310001997,Clear G/L Account,1998-09-17 13:47:53,,,,,0100009103,Accounting document,131,Clear G/L Account (Accounting document)
253363,0100009104,Accounting document,905990400.0,42473.0,USER_127,FB1S,010000910410001997,Clear G/L Account,1998-09-17 13:47:53,,,,,0100009104,Accounting document,131,Clear G/L Account (Accounting document)
253377,0100009105,Accounting document,905990400.0,42473.0,USER_127,FB1S,010000910510001997,Clear G/L Account,1998-09-17 13:47:53,,,,,0100009105,Accounting document,131,Clear G/L Account (Accounting document)
253488,0100009114,Accounting document,905990400.0,42477.0,USER_127,FB1S,* TRIAL * TRIAL * ,Clear G/L Account,1998-09-17 13:47:57,,,,,0100009114,Accounting document,132,Clear G/L Account (Accounting document)
253601,0100009122,Accounting document,905990400.0,42479.0,USER_127,FB1S,010000912210001997,Clear G/L Account,1998-09-17 13:47:59,,,,,0100009122,Accounting document,67,Clear G/L Account (Accounting document)
253933,0100009133,Accounting document,905990400.0,42487.0,* TRIAL ,FB1S,* TRIAL * TRIAL * ,Clear G/L Account,1998-09-17 13:48:07,,,,,0100009133,Accounting document,70,Clear G/L Account (Accounting document)
254155,0100009152,Accounting document,905990400.0,42498.0,USER_127,FB1S,010000915210001997,Clear G/L Account,1998-09-17 13:48:18,,,,,0100009152,Accounting document,214,Clear G/L Account (Accounting document)
254266,0100009156,Accounting document,905990400.0,42500.0,USER_127,FB1S,010000915610001997,Clear G/L Account,1998-09-17 13:48:20,,,,,0100009156,Accounting document,74,Clear G/L Account (Accounting document)
254604,0100009161,Accounting document,905990400.0,42504.0,USER_127,FB1S,* TRIAL * TRIAL * ,Clear G/L Account,1998-09-17 13:48:24,,,,,0100009161,Accounting document,154,Clear G/L Account (Accounting document)
254928,0100009176,Accounting document,905990400.0,42513.0,USER_127,FB1S,010000917610001997,Clear G/L Account,1998-09-17 13:48:33,,,,,0100009176,Accounting document,144,Clear G/L Account (Accounting document)
256253,0100009204,Accounting document,905990400.0,42525.0,USER_127,FB1S,010000920410001997,Clear G/L Account,1998-09-17 13:48:45,,,,,0100009204,Accounting document,173,Clear G/L Account (Accounting document)
256804,0100009226,Accounting document,905990400.0,42533.0,USER_127,FB1S,010000922610001997,Clear G/L Account,1998-09-17 13:48:53,,,,,0100009226,Accounting document,19,Clear G/L Account (Accounting document)
256805,0100009228,Accounting document,905990400.0,42534.0,* TRIAL ,FB1S,* TRIAL * TRIAL * ,Clear G/L Account,1998-09-17 13:48:54,,,,,0100009228,Accounting document,19,Clear G/L Account (Accounting document)
256827,0100009234,Accounting document,905990400.0,42536.0,USER_127,FB1S,* TRIAL * TRIAL * ,Clear G/L Account,1998-09-17 13:48:56,,,,,0100009234,Accounting document,37,Clear G/L Account (Accounting document)
257358,0100009256,Accounting document,905990400.0,42544.0,USER_127,FB1S,* TRIAL * TRIAL * ,Clear G/L Account,1998-09-17 13:49:04,,,,,0100009256,Accounting document,157,Clear G/L Account (Accounting document)
257359,0100009257,Accounting document,905990400.0,42544.0,USER_127,FB1S,010000925710001997,Clear G/L Account,1998-09-17 13:49:04,,,,,0100009257,Accounting document,157,Clear G/L Account (Accounting document)
257360,0100009259,Accounting document,905990400.0,42545.0,USER_127,FB1S,010000925910001997,Clear G/L Account,1998-09-17 13:49:05,,,,,0100009259,Accounting document,211,Clear G/L Account (Accounting document)
257361,0100009260,Accounting document,905990400.0,42545.0,USER_127,FB1S,* TRIAL * TRIAL * ,Clear G/L Account,1998-09-17 13:49:05,,,,,0100009260,Accounting document,211,Clear G/L Account (Accounting document)
257473,0100009267,Accounting document,905990400.0,42548.0,USER_127,FB1S,010000926710001997,Clear G/L Account,1998-09-17 13:49:08,,,,,0100009267,Accounting document,83,Clear G/L Account (Accounting document)
257878,0100009278,Accounting document,905990400.0,42551.0,* TRIAL ,FB1S,010000927810001997,Clear G/L Account,1998-09-17 13:49:11,,,,,0100009278,Accounting document,1,Clear G/L Account (Accounting document)
258579,0100009311,Accounting document,905990400.0,42563.0,USER_127,FB1S,010000931110001997,Clear G/L Account,1998-09-17 13:49:23,,,,,0100009311,Accounting document,204,Clear G/L Account (Accounting document)
258691,0100009317,Accounting document,905990400.0,42565.0,USER_127,FB1S,010000931710001997,Clear G/L Account,1998-09-17 13:49:25,,,,,0100009317,Accounting document,47,Clear G/L Account (Accounting document)
258780,0100009318,Accounting document,905990400.0,42565.0,USER_127,FB1S,010000931810001997,Clear G/L Account,1998-09-17 13:49:25,,,,,0100009318,Accounting document,32,Clear G/L Account (Accounting document)
259025,0100009328,Accounting document,905990400.0,42568.0,USER_127,FB1S,010000932810001997,Clear G/L Account,1998-09-17 13:49:28,,,,,0100009328,Accounting document,91,Clear G/L Account (Accounting document)
259024,0100009327,Accounting document,905990400.0,42568.0,USER_127,FB1S,010000932710001997,Clear G/L Account,1998-09-17 13:49:28,,,,,0100009327,Accounting document,91,Clear G/L Account (Accounting document)
259137,0100009331,Accounting document,905990400.0,42569.0,USER_127,FB1S,* TRIAL * TRIAL * ,Clear G/L Account,1998-09-17 13:49:29,,,,,0100009331,Accounting document,116,Clear G/L Account (Accounting document)
259095,0100009329,Accounting document,905990400.0,42569.0,* TRIAL ,FB1S,010000932910001997,Clear G/L Account,1998-09-17 13:49:29,,,,,0100009329,Accounting document,91,Clear G/L Account (Accounting document)
259500,0100009340,Accounting document,905990400.0,42572.0,* TRIAL ,FB1S,010000934010001997,Clear G/L Account,1998-09-17 13:49:32,,,,,0100009340,Accounting document,94,Clear G/L Account (Accounting document)
259800,0100009345,Accounting document,905990400.0,42574.0,USER_127,FB1S,010000934510001997,Clear G/L Account,1998-09-17 13:49:34,,,,,0100009345,Accounting document,195,Clear G/L Account (Accounting document)
259799,0100009344,Accounting document,905990400.0,42574.0,* TRIAL ,FB1S,010000934410001997,Clear G/L Account,1998-09-17 13:49:34,,,,,0100009344,Accounting document,195,Clear G/L Account (Accounting document)
260575,0100009367,Accounting document,905990400.0,42582.0,USER_127,FB1S,010000936710001997,Clear G/L Account,1998-09-17 13:49:42,,,,,0100009367,Accounting document,11,Clear G/L Account (Accounting document)
260576,0100009368,Accounting document,905990400.0,42582.0,USER_127,FB1S,010000936810001997,Clear G/L Account,1998-09-17 13:49:42,,,,,0100009368,Accounting document,11,Clear G/L Account (Accounting document)
260574,0100009366,Accounting document,905990400.0,42582.0,USER_127,FB1S,010000936610001997,Clear G/L Account,1998-09-17 13:49:42,,,,,0100009366,Accounting document,11,Clear G/L Account (Accounting document)
260688,0100009371,Accounting document,905990400.0,42583.0,USER_127,FB1S,010000937110001997,Clear G/L Account,1998-09-17 13:49:43,,,,,0100009371,Accounting document,203,Clear G/L Account (Accounting document)
260577,0100009369,Accounting document,905990400.0,42583.0,USER_127,FB1S,010000936910001997,Clear G/L Account,1998-09-17 13:49:43,,,,,0100009369,Accounting document,11,Clear G/L Account (Accounting document)
260689,0100009372,Accounting document,905990400.0,42584.0,USER_127,FB1S,* TRIAL * TRIAL * ,Clear G/L Account,1998-09-17 13:49:44,,,,,0100009372,Accounting document,203,Clear G/L Account (Accounting document)
260690,0100009375,Accounting document,905990400.0,42585.0,USER_127,FB1S,* TRIAL * TRIAL * ,Clear G/L Account,1998-09-17 13:49:45,,,,,0100009375,Accounting document,17,Clear G/L Account (Accounting document)
260691,0100009376,Accounting document,905990400.0,42585.0,USER_127,FB1S,010000937610001997,Clear G/L Account,1998-09-17 13:49:45,,,,,0100009376,Accounting document,133,Clear G/L Account (Accounting document)
260803,0100009383,Accounting document,905990400.0,42587.0,USER_127,FB1S,010000938310001997,Clear G/L Account,1998-09-17 13:49:47,,,,,0100009383,Accounting document,35,Clear G/L Account (Accounting document)
261136,0100009389,Accounting document,905990400.0,42590.0,USER_127,FB1S,010000938910001997,Clear G/L Account,1998-09-17 13:49:50,,,,,0100009389,Accounting document,196,Clear G/L Account (Accounting document)
261438,0100009392,Accounting document,905990400.0,42591.0,USER_127,FB1S,010000939210001997,Clear G/L Account,1998-09-17 13:49:51,,,,,0100009392,Accounting document,164,Clear G/L Account (Accounting document)
261260,0100009391,Accounting document,905990400.0,42591.0,* TRIAL ,FB1S,010000939110001997,Clear G/L Account,1998-09-17 13:49:51,,,,,0100009391,Accounting document,164,Clear G/L Account (Accounting document)
261571,0100009394,Accounting document,905990400.0,42592.0,USER_127,FB1S,* TRIAL * TRIAL * ,Clear G/L Account,1998-09-17 13:49:52,,,,,0100009394,Accounting document,64,Clear G/L Account (Accounting document)
261802,0100009405,Accounting document,905990400.0,42596.0,USER_127,FB1S,010000940510001997,Clear G/L Account,1998-09-17 13:49:56,,,,,0100009405,Accounting document,138,Clear G/L Account (Accounting document)
262025,0100009412,Accounting document,905990400.0,42598.0,* TRIAL ,FB1S,010000941210001997,Clear G/L Account,1998-09-17 13:49:58,,,,,0100009412,Accounting document,111,Clear G/L Account (Accounting document)
262357,0100009425,Accounting document,905990400.0,42603.0,USER_127,FB1S,010000942510001997,Clear G/L Account,1998-09-17 13:50:03,,,,,0100009425,Accounting document,136,Clear G/L Account (Accounting document)
262580,0100009439,Accounting document,905990400.0,42608.0,* TRIAL ,FB1S,010000943910001997,Clear G/L Account,1998-09-17 13:50:08,,,,,0100009439,Accounting document,124,Clear G/L Account (Accounting document)
262579,0100009438,Accounting document,905990400.0,42608.0,USER_127,FB1S,010000943810001997,Clear G/L Account,1998-09-17 13:50:08,,,,,0100009438,Accounting document,124,Clear G/L Account (Accounting document)
262691,0100009444,Accounting document,905990400.0,42610.0,* TRIAL ,FB1S,010000944410001997,Clear G/L Account,1998-09-17 13:50:10,,,,,0100009444,Accounting document,31,Clear G/L Account (Accounting document)
